Virus Codons,Reverse Engineered Codons,Vaccine Codons
TCT,AGC,TCC
TGT,TGC,TGT
ACT,ACC,ACA
CCT,CCT,CCA
TTC,TTC,TTT
CCT,CCT,CCC
AGA,AGG,AGA
TCC,AGC,TCC
TCA,AGC,TCT
TCT,AGC,TCC
AAT,AAC,AAT
CCT,CCT,CCC
CCA,CCT,CCC
GGT,GGC,GGG
TTT,TTC,TTT
TCT,AGC,TCC
ACT,ACC,ACA
GTT,GTG,GTC
AAA,AAG,AAA
GTT,GTG,GTC
GAA,GAG,GAA
TCT,AGC,TCC
CCT,CCC,CCT
GAA,GAG,GAA
AGG,CGG,CGC
TTT,TTC,TTT
TTA,CTG,CTC
GAT,GAC,GAT
TCG,AGC,TCT
GCT,GCC,GCT
GAA,GAG,GAA
CCA,CCT,CCC
GAT,GAC,GAT
CCA,CCT,CCC
AGG,AGA,CGG
TTT,TTC,TTT
ACT,ACC,ACA
ACT,ACC,ACA
GAT,GAC,GAT
GGT,GGC,GGA
ACA,ACC,ACA
GCT,GCC,GCT
GGT,GGC,GGT
GCT,GCC,GCT
TAT,TAC,TAT
AGG,AGG,AGA
GAC,GAC,GAT
TGT,TGC,TGT
GCA,GCC,GCT
GAC,GAC,GAT
ACA,ACC,ACA
TCC,AGC,TCC
GAA,GAG,GAA
AGA,AGA,CGG
CCA,CCT,CCC
GAA,GAG,GAA
TCT,AGC,TCC
AGA,AGA,CGG
AAT,AAC,AAT
AAC,AAC,AAT
CCT,CCT,CCC
AAC,AAC,AAT
TCT,AGC,TCT
AGG,AGG,CGG
AAC,AAC,AAT
TCT,AGC,TCC
TCC,AGC,TCC
TCT,AGC,TCC
ACT,ACC,ACA
AGA,AGA,CGG
GGT,GGC,GGA
GAT,GAC,GAT
GAA,GAG,GAA
AGA,AGA,CGG
ATC,ATC,ATT
GGG,GGC,GGA
ACT,ACC,ACA
CCA,CCT,CCC
TGC,TGC,TGT
ATA,ATC,ATT
TCT,AGC,TCC
AAG,AAG,AAA
GTT,GTG,GTC
AAT,AAC,AAT
AGA,AGG,CGG
TCT,AGC,TCC
AAT,AAC,AAT
CCT,CCT,CCC
AGA,AGG,CGG
TCA,AGC,TCC
TAT,TAC,TAT
TGT,TGC,TGT
GAA,GAG,GAA
CCT,CCT,CCA
TCA,AGC,TCC
TTC,TTC,TTT
CCC,CCT,CCC
ACT,ACC,ACA
AAT,AAC,AAT
TAC,TAC,TAT
CCA,CCT,CCC
AGA,AGG,AGA
GAA,GAG,GAA
CAT,CAC,CAT
ACT,ACC,ACA
AAG,AAG,AAA
AAT,AAC,AAT
TTG,CTG,CTC
AAA,AAG,AAA
ACT,ACC,ACA
CCT,CCT,CCA
TTT,TTC,TTT
AGA,AGA,CGG
GAC,GAC,GAT
GAC,GAC,GAT
ACT,ACC,ACA
GTC,GTG,GTT
GAT,GAC,GAT
CCA,CCT,CCC
ACA,ACC,ACA
GAG,GAG,GAA
GGT,GGC,GGA
AGT,AGC,TCT
AAC,AAC,AAT
GCT,GCC,GCA
TGC,TGC,TGT
GAA,GAG,GAA
CCT,CCT,CCC
ATT,ATC,ATT
GAT,GAC,GAT
ACT,ACC,ACA
ACT,ACC,ACA
CGT,AGA,CGG
TCT,AGC,TCC
AAT,AAC,AAT
TTT,TTC,TTT
TGT,TGC,TGT
GGG,GGC,GGA
AAC,AAC,AAT
CCC,CCT,CCC
GCA,GCC,GCT
GGT,GGC,GGA
ACT,ACC,ACA
ACT,ACC,ACA
CGG,AGA,CGG
CGG,AGG,AGA
CGT,AGG,AGA
ATT,ATC,ATT
ACT,ACC,ACA
TCA,AGC,TCT
TCT,AGC,TCC
TCT,AGC,TCT
GCC,GCC,GCT
CCC,CCT,CCC
ACA,ACC,ACA
TCT,AGC,TCC
GAT,GAC,GAT
TCA,AGC,TCC
AGC,AGC,TCC
AAC,AAC,AAT
CGT,AGG,AGA
ACT,ACC,ACA
GGA,GGC,GGG
GAA,GAG,GAA
CAA,CAG,CAA
CAA,CAG,CAA
AAT,AAC,AAT
ATA,ATC,ATT
CCA,CCT,CCC
GAT,GAC,GAT
CCA,CCC,CCT
AAA,AAG,AAA
ACA,ACC,ACA
TAT,TAC,TAT
GAT,GAC,GAT
TGC,TGC,TGT
ATT,ATC,ATT
AGA,AGA,AGG
GAC,GAC,GAT
ATT,ATC,ATT
TTT,TTC,TTT
GGC,GGC,GGA
ACT,ACC,ACA
GAT,GAC,GAT
ACT,ACC,ACA
TCT,AGC,TCT
ACA,ACC,ACA
ACT,ACC,ACA
ACC,ACC,ACA
TTT,TTC,TTT
GGT,GGC,GGA
GCA,GCC,GCA
GCA,GCC,GCT
TTT,TTC,TTT
GCT,GCC,GCT
GGA,GGC,GGA
AAT,AAC,AAT
ACA,ACC,ACA
GCA,GCC,GCA
GGA,GGC,GGA
GTC,GTG,GTC
AAT,AAC,AAT
GCT,GCC,GCA
GTT,GTG,GTC
AGC,AGC,TCC
TCC,AGC,TCC
AGT,AGC,TCT
GAT,GAC,GAT
ACA,ACC,ACA
TTG,CTG,CTC
ACA,ACC,ACA
ATC,ATC,ATT
TCT,AGC,TCT
AAT,AAC,AAT
TCA,AGC,TCT
TGT,TGC,TGT
AGA,AGG,AGA
TTT,TTC,TTT
TCA,AGC,TCT
TTC,TTC,TTT
ACT,ACC,ACA
TAT,TAC,TAT
CCT,CCT,CCC
GCA,GCC,GCT
CAA,CAG,CAA
AAC,AAC,AAT
GCT,GCC,GCT
CCT,CCT,CCA
AAA,AAG,AAA
TTT,TTC,TTT
GAA,GAG,GAA
TCA,AGC,TCC
CAC,CAC,CAT
ACA,ACC,ACA
AGG,AGG,CGG
TCT,AGC,TCT
GTT,GTG,GTC
ATT,ATC,ATT
AAC,AAC,AAT
AAG,AAG,AAA
GAG,GAG,GAA
TTT,TTC,TTT
ACA,ACC,ACA
GAC,GAC,GAT
GGC,GGC,GGA
AAT,AAC,AAT
GTT,GTG,GTC
AAA,AAG,AAA
CGC,AGA,CGG
AAT,AAC,AAT
CAA,CAG,CAA
GAA,GAG,GAA
GGA,GGC,GGG
TTT,TTC,TTT
GGC,GGC,GGA
ATT,ATC,ATT
GTG,GTG,GTC
ACA,ACC,ACA
TGC,TGC,TGT
TGT,TGC,TGT
TGT,TGC,TGT
TGT,TGC,TGT
TGT,TGC,TGT
GAC,GAC,GAT
TCT,AGC,TCT
CCA,CCT,CCC
AAA,AAG,AAA
ACA,ACC,ACA
